Key,X1,X2,X3,X4,X5,X6,X7,X8,X9,X10,X11,X12,X13,X14,X15,X16,X17,X18,T
1,2.05,2.25,1.8,1.63,2,1,3,2,3,3,2,2,1,1,2,2,2,2,2.19
2,2.06,1.95,2.37,2.25,3,1,1,2,2,2,4,1,2,2,2,1,2,3,2.22
3,2.22,2.38,1.72,2.04,1,2,3,2,3,3,3,2,2,1,2,1,1,2,2.28
4,2.16,2.21,1.89,2.37,2,1,2,2,2,2,2,2,2,1,2,3,2,2,2.29
5,2.58,2.45,2.4,2.11,2,2,2,2,3,2,3,4,1,2,2,2,3,2,2.31
6,2.37,2.42,2,2,2,2,1,2,2,2,2,2,1,2,2,3,3,2,2.31
7,2.37,2,2.21,2,2,2,2,2,2,2,2,2,1,2,2,2,2,3,2.32
8,2.32,2.26,1.95,2.21,2,1,2,2,3,2,2,2,2,2,1,2,1,3,2.32
9,2.53,2.26,2.32,2.11,2,2,2,2,3,2,2,4,2,2,2,3,2,2,2.33
10,1.89,2.5,2.16,1.79,2,1,2,2,2,1,4,2,2,1,2,3,2,2,2.33
11,2.37,1.68,2.32,1.74,2,2,1,2,3,2,2,2,2,1,2,2,2,4,2.33
12,2.37,2.25,1.85,2.47,1,2,2,2,3,2,2,3,2,2,2,2,4,2,2.34
13,2.21,2.53,2.21,1.79,2,2,2,2,3,2,3,2,2,2,2,3,1,2,2.34
14,2.67,2.26,2.05,1.79,2,2,2,2,3,2,2,2,2,2,1,2,1,2,2.35
15,2.63,2.05,2.05,2.16,2,2,2,1,2,2,2,2,2,2,2,2,3,2,2.37
16,2.21,2.11,2.32,2.21,2,2,2,2,2,2,2,3,2,2,2,2,2,3,2.39
17,2.37,2.32,1.95,1.8,2,2,2,2,3,2,2,2,2,2,1,2,1,2,2.4
18,2.78,2.21,2.06,2.05,2,1,1,2,2,2,2,2,2,3,1,2,1,2,2.4
19,2.32,1.85,2.5,2.32,2,1,1,1,1,2,2,4,2,2,2,2,3,2,2.41
20,2.79,2.32,2.05,2.32,3,2,3,2,4,2,2,2,2,2,1,2,3,3,2.42
21,2.5,2.19,2.5,1.88,2,2,2,2,2,3,2,3,2,2,1,2,3,1,2.42
22,2.58,2.35,2.32,2.32,2,2,3,2,2,2,2,3,2,3,2,2,4,2,2.44
23,2.22,2.32,2.33,2.19,1,2,1,2,3,2,2,2,2,3,2,2,1,2,2.45
24,2.67,2.79,1.94,2.18,3,2,2,2,3,2,3,3,2,2,1,2,1,1,2.46
25,2.88,2.33,2.42,2,2,2,2,2,2,2,4,2,2,2,2,2,2,2,2.46
26,2.11,2.58,2.37,2.42,1,2,2,2,3,3,3,3,3,3,1,2,1,1,2.46
27,2.17,2.18,2.24,2.16,2,1,2,1,3,2,2,3,2,2,2,2,3,2,2.47
28,2.53,2.11,1.84,1.89,1,2,2,2,3,2,1,2,2,1,2,2,2,3,2.47
29,2.58,2.16,2.16,2.42,2,2,2,2,3,2,2,3,4,2,2,2,2,2,2.48
30,2.53,2.42,2.1,2,2,2,2,2,3,2,3,2,2,2,2,2,1,2,2.49
31,2.68,2.28,2.16,2.79,2,2,2,3,3,3,2,2,2,3,2,2,4,2,2.49
32,2.39,2.32,2.4,2.43,2,2,2,2,3,2,4,3,2,3,2,2,2,2,2.49
33,2.63,2.21,1.95,1.89,2,1,2,2,2,2,2,2,2,2,1,2,2,2,2.5
34,2.26,2.5,2.43,2.21,2,2,2,2,2,2,2,3,2,3,2,3,2,2,2.5
35,2.33,2.37,1.95,2.3,2,2,3,2,2,2,4,2,2,3,2,2,2,2,2.5
36,2.28,2.42,2.65,1.95,1,2,2,2,3,4,2,2,2,2,1,1,1,3,2.5
37,2.47,2.26,2.53,2.16,2,2,2,2,3,2,2,4,2,2,2,3,2,3,2.51
38,2.74,2.58,2.32,2.53,2,2,2,2,2,2,2,3,3,3,2,3,3,2,2.51
39,2.67,2.53,2,1.89,2,2,2,2,3,2,3,2,2,3,2,2,1,2,2.51
40,2.56,2.53,2.43,1.82,2,3,2,3,2,2,4,2,1,2,1,2,1,2,2.52
41,2.53,2.16,2.16,2.21,2,2,2,2,3,3,2,2,3,2,2,2,1,2,2.52
42,2.39,2,2.2,2.27,2,2,1,2,3,2,3,3,2,4,1,1,2,1,2.52
43,2.33,2.26,2.58,2.53,1,2,1,2,2,2,2,3,3,3,2,2,1,1,2.52
44,2.53,2.11,2.32,2,3,2,2,2,3,2,3,3,2,2,2,3,2,2,2.53
45,2.17,2.42,2.29,2.14,1,2,2,2,3,2,2,3,2,2,2,1,2,2,2.53
46,2.28,2.57,2.46,2.27,2,1,2,2,3,2,2,3,2,2,2,2,3,1,2.53
47,2.22,2.17,2.38,1.9,2,2,2,2,2,2,3,3,2,2,2,2,2,2,2.53
48,3.37,2.63,2.35,2.26,3,3,4,2,3,2,2,2,2,2,2,2,2,4,2.54
49,2.42,2.21,2.05,2.11,2,2,2,2,2,2,2,2,2,2,2,3,2,2,2.54
50,2.78,2.16,2.28,2.14,3,1,2,2,2,3,3,4,1,2,2,1,1,1,2.54
51,2.79,2.67,2.37,2.58,2,3,4,3,2,2,2,2,2,3,2,2,4,3,2.55
52,2.45,2.59,2.32,2.28,2,2,2,2,3,2,3,2,2,3,1,2,2,2,2.56
53,2.22,2.63,2.19,2.08,1,1,2,2,4,2,2,1,3,3,2,2,2,2,2.56
54,2.84,2.47,2.4,2,2,2,2,2,3,3,2,3,2,2,2,2,1,3,2.56
55,2.74,2.58,1.85,1.95,2,2,3,3,3,2,2,2,1,2,1,2,2,1,2.57
56,2.61,2.52,2.42,2,2,2,2,2,3,3,2,3,2,2,1,2,2,2,2.57
57,2.68,2.17,2.47,2.47,2,2,3,2,4,3,3,2,2,2,2,2,4,3,2.57
58,2.44,2.89,2.5,2,2,2,2,3,3,4,4,3,2,2,2,3,2,1,2.58
59,2.33,2.37,3.26,1.81,3,1,2,2,2,3,4,4,1,4,2,1,2,2,2.58
60,2.44,2.26,2.47,2.32,2,3,3,2,2,3,3,4,2,2,2,1,2,2,2.58
61,2.28,2.58,2.28,2.24,2,1,3,2,3,3,2,2,2,3,2,1,2,2,2.58
62,2.63,2.42,2.23,1.9,4,1,2,2,2,2,2,3,2,2,1,2,2,1,2.59
63,2.17,2.53,2.44,2.48,2,1,2,2,3,2,3,3,4,4,2,2,1,4,2.59
64,1.88,2.37,2.74,2,1,1,2,2,3,3,3,3,2,2,1,1,1,3,2.6
65,2.28,2.52,2.37,1.86,2,1,1,2,3,2,3,3,1,2,1,2,1,1,2.6
66,2.72,2.76,2.38,2.18,3,2,2,2,3,2,2,2,3,2,2,2,3,2,2.61
67,2.26,2.47,2.32,2.25,2,2,2,3,2,3,3,3,2,3,2,2,2,2,2.61
68,3.37,3.21,2.37,2.47,4,3,4,4,2,2,2,2,2,2,2,3,3,4,2.62
69,2.95,2.41,2.63,2.26,3,2,2,2,3,3,2,2,3,2,3,4,2,4,2.63
70,2.58,2.25,2.5,2.3,2,2,2,2,3,3,2,3,2,4,2,2,2,3,2.63
71,2.61,2.11,2.45,2.58,3,2,2,2,2,3,2,2,3,3,3,2,2,4,2.63
72,2.39,3.16,2.42,2.32,2,2,3,3,3,2,3,2,4,3,1,4,1,2,2.63
73,2.28,2.79,2.47,2.23,2,1,1,3,4,3,2,2,2,2,1,2,2,1,2.65
74,2.68,2.1,2.5,2.53,1,3,1,2,2,3,2,2,3,3,3,2,2,2,2.65
75,2.84,2.24,2.53,2.21,2,2,2,2,3,3,2,2,3,2,2,3,3,3,2.65
76,2.44,2.21,3.06,2.29,1,2,1,2,3,4,3,2,2,3,2,2,1,4,2.66
77,2.78,2.68,2.28,2.57,2,3,1,2,2,3,3,3,2,3,1,2,3,2,2.66
78,2.78,2.42,2.72,2.32,2,2,1,2,2,3,3,2,3,3,2,2,1,3,2.67
79,2.68,2.53,2.37,2.42,2,3,2,2,3,2,3,2,2,1,3,3,2,2,2.68
80,3.06,2.81,2.58,2.18,2,2,2,2,3,3,3,2,2,3,3,2,2,2,2.68
81,2.79,2.11,2.16,2.21,3,2,2,2,2,2,2,2,3,1,3,2,3,3,2.68
82,2.42,2.37,2.65,2.58,2,2,2,2,3,2,3,2,3,3,2,2,2,2,2.68
83,2.47,2.6,2.17,2.15,2,2,3,2,3,2,2,2,2,3,2,3,2,3,2.68
84,2.44,3,2.16,2.78,1,2,4,2,4,3,4,3,4,2,2,2,3,1,2.68
85,2.47,2.42,2.47,2.21,3,2,2,2,2,2,3,2,2,2,2,3,3,2,2.69
86,2.58,2.32,2.2,2.42,3,1,2,2,3,2,2,2,2,3,3,2,3,3,2.69
87,2.63,2.53,2.32,2.84,2,2,2,3,3,4,3,2,4,3,2,2,2,2,2.69
88,2.33,2.68,2.9,2.53,2,1,2,2,2,3,2,3,3,3,1,2,2,3,2.7
89,2,2.84,2.74,2.3,2,1,2,2,4,2,4,2,3,3,1,2,2,2,2.7
90,2.47,2.15,2.29,2.4,2,2,2,2,3,3,2,2,3,2,3,2,2,2,2.7
91,2.78,2.58,2.19,2.35,4,2,2,2,4,2,4,2,2,2,2,2,2,2,2.7
92,2.79,2.37,2.25,2.32,2,2,2,2,4,3,2,2,2,2,2,2,2,2,2.71
93,2.61,2.58,2.44,2.29,2,2,2,2,2,4,3,2,2,3,2,3,2,2,2.71
94,2.72,2.76,2.71,2.94,2,2,2,1,3,3,4,3,4,2,2,3,3,2,2.71
95,2.83,2.47,2.17,2.57,2,2,1,2,2,2,3,4,2,3,2,2,2,2,2.71
96,2.39,2.58,2.56,2.59,2,1,2,2,2,4,3,3,2,3,2,3,2,2,2.71
97,2.61,2.42,2.62,2.34,3,1,2,2,2,3,2,3,2,2,2,2,2,4,2.72
98,2.78,2.76,2.47,2.53,3,2,2,2,4,3,2,3,3,3,2,2,2,3,2.72
99,3.05,2.58,2.17,2.18,3,3,3,2,2,2,4,2,1,3,2,2,2,1,2.73
100,2.63,2.37,2.35,1.95,2,2,2,2,3,2,2,2,2,2,2,2,2,2,2.73
101,2.56,2.95,2.83,2.37,3,1,3,2,2,3,4,4,2,3,2,3,2,2,2.73
102,2.79,2.35,2.63,2.74,2,2,3,2,3,2,2,4,2,3,2,2,4,3,2.73
103,2.79,2.42,2.55,2.37,2,2,2,2,4,3,2,4,2,2,1,3,2,2,2.73
104,3,2.16,2.65,2.26,2,2,2,2,3,2,3,3,2,2,2,2,3,2,2.74
105,2.94,2.42,2.42,2.47,2,2,2,2,2,2,3,4,3,2,3,2,2,2,2.74
106,2,2.58,2.75,2.21,1,1,2,2,2,2,4,2,1,4,3,2,2,3,2.74
107,2.56,2.36,2.79,2.52,3,2,2,2,3,2,3,3,2,3,2,2,3,4,2.74
108,2.83,2.79,2.94,2.62,2,3,2,2,3,3,2,3,4,2,2,2,2,4,2.74
109,2.94,2.71,2.38,2.21,2,2,2,2,4,3,3,2,2,3,2,3,2,2,2.74
110,2.83,2.58,2.42,2.41,2,2,2,2,3,3,2,2,3,3,1,1,2,1,2.74
111,2.67,3.05,2.67,2.17,3,2,3,2,3,3,4,2,2,3,2,3,1,3,2.75
112,2.79,2.39,2.37,2.89,2,3,3,2,2,3,2,2,4,3,3,3,4,2,2.75
113,2.84,2.53,2.63,2.42,2,2,2,2,3,2,2,4,2,3,2,2,3,3,2.75
114,2.42,2.37,2.05,2.63,2,3,2,2,2,2,2,2,2,2,2,2,2,2,2.75
115,2.72,2.95,2.5,2.3,3,2,3,2,4,3,2,2,2,2,2,2,3,4,2.75
116,2.5,2.81,2.74,2,3,2,2,3,2,3,3,3,2,3,2,2,1,2,2.75
117,2.39,2.58,3.08,2.19,2,2,2,2,3,4,3,3,3,2,3,2,2,1,2.75
118,2.61,2.5,2.65,2.35,3,2,2,2,2,4,3,2,2,2,2,2,2,1,2.75
119,2.35,2.37,2.47,2.48,2,1,2,3,2,2,3,3,2,3,2,2,2,3,2.75
120,2.39,2.82,2.16,2.56,2,2,2,2,3,2,3,2,3,2,2,3,2,3,2.76
121,2.68,2.42,2.65,2.32,2,2,3,2,4,4,2,2,2,2,2,2,2,4,2.76
122,3.06,2.58,2.15,2.68,3,2,2,2,3,2,3,2,2,4,2,2,2,2,2.76
123,2.68,2.67,2.77,2.32,2,2,2,2,4,4,4,3,2,2,1,2,2,3,2.77
124,2.67,2.33,3,2.56,2,3,2,1,2,3,3,2,2,3,2,2,3,3,2.77
125,3,2.48,2.33,2.24,3,2,2,2,2,3,2,2,2,2,2,2,2,2,2.77
126,2.83,2.67,2.25,2.79,3,2,2,2,3,2,2,2,2,3,2,2,2,2,2.78
127,2.78,2.52,2.5,2.24,3,2,3,2,2,3,2,3,2,2,1,2,2,3,2.78
128,2.78,2.84,2.71,2.43,2,2,2,1,4,3,3,2,3,3,3,2,2,2,2.78
129,2.89,2.61,2.37,3.26,2,2,3,2,3,3,2,3,4,4,2,2,4,2,2.78
130,2.74,2.42,2.79,2.63,2,2,2,2,3,3,2,4,4,2,2,3,3,3,2.78
131,2.28,2.63,2.71,2.47,2,2,2,3,3,3,2,3,4,3,2,2,2,3,2.78
132,2.84,2.82,2.68,2.42,2,2,3,2,3,3,2,3,2,2,2,4,4,2,2.79
133,2.89,3.32,2.35,2.47,3,3,4,3,3,2,2,2,2,2,3,4,3,3,2.79
134,2.74,2.74,2.4,2.32,2,2,2,3,3,3,2,2,2,3,2,2,3,2,2.79
135,3.06,2.58,2.89,2.48,2,4,2,2,2,3,4,2,2,3,2,2,2,4,2.79
136,2.74,2.63,2.63,2.26,2,2,3,2,3,2,2,3,2,2,2,2,2,4,2.8
137,2.61,2.95,3.17,2.33,2,2,3,3,3,4,3,3,2,3,2,2,1,4,2.8
138,2.94,2.32,2.94,2.42,2,2,1,2,3,4,3,2,3,3,2,2,3,1,2.8
139,3.22,2.57,2.75,2.12,3,2,2,2,3,3,4,2,2,3,2,2,2,2,2.8
140,2.94,2.74,2.74,2.35,2,2,2,2,3,3,2,2,3,3,2,3,2,2,2.8
141,3,2.12,2.63,3,2,2,2,2,4,3,2,3,2,2,2,2,4,2,2.8
142,3.11,2.47,2.5,2.47,2,2,2,2,4,3,3,2,2,3,2,2,2,2,2.8
143,2.78,2.53,2.72,2.26,3,3,1,2,2,3,2,1,3,3,2,2,2,4,2.81
144,2.58,3.11,2.61,2.55,2,2,3,4,2,2,2,3,4,2,2,4,2,4,2.81
145,2.83,2.46,2.85,2.23,2,2,3,1,2,4,4,2,2,2,2,2,2,1,2.81
146,2.4,2.71,2.92,2.45,4,4,2,2,3,2,3,3,4,4,2,2,2,2,2.81
147,2.78,2.68,2.76,2.2,2,2,2,2,2,2,4,3,2,2,1,3,2,3,2.81
148,2.94,2.63,2.5,2.48,2,2,2,2,2,2,3,2,3,3,3,2,2,3,2.81
149,2.63,2.32,2.65,2.21,2,2,2,2,2,2,3,2,2,2,2,2,2,3,2.82
150,2.56,3.16,2.05,2.35,3,2,2,3,3,3,2,2,2,4,1,3,2,2,2.82
151,3.06,2.59,3.5,2,3,2,3,3,2,4,4,2,2,2,2,2,3,2,2.82
152,2.83,2.47,2.32,2.58,2,2,3,2,2,4,3,2,2,3,2,2,3,2,2.82
153,2.44,2.95,2.63,2.35,1,2,4,2,4,2,3,2,2,2,2,2,2,1,2.82
154,2.56,2.63,2.56,2.21,2,2,1,2,2,3,4,2,2,3,1,2,2,1,2.83
155,2.29,2.65,2.7,2.65,3,2,2,3,4,2,3,2,4,2,2,3,3,2,2.83
156,3.11,2.63,2.26,2.95,2,2,2,2,4,2,2,3,3,2,4,2,4,2,2.83
157,2.89,2.36,2.38,2.82,2,1,2,2,2,2,3,2,2,4,2,2,2,2,2.83
158,2.83,2.92,3.12,2.26,2,2,2,2,3,4,4,3,2,2,4,2,2,1,2.83
159,2.33,2.91,2.79,2.82,2,2,3,2,3,3,2,2,3,4,2,2,2,2,2.83
160,2.61,2.47,2.37,3.11,2,3,2,2,3,2,2,2,3,3,2,3,4,1,2.84
161,2.94,2.47,2.55,2.55,3,2,1,2,2,3,1,4,2,4,2,2,2,2,2.84
162,3.11,3,2.67,2.53,1,2,3,2,4,3,1,3,2,3,2,2,3,2,2.84
163,3.11,2.67,2.5,2.18,4,2,2,2,3,2,2,3,3,2,2,2,3,2,2.84
164,2.68,2.42,2.32,3.05,3,3,3,2,2,3,2,2,4,3,2,3,3,3,2.84
165,3.06,3.05,2.56,2.62,4,2,3,3,4,3,3,4,2,2,2,2,3,3,2.84
166,2.79,2.65,2.5,2.4,2,2,3,3,4,2,4,3,2,3,2,4,2,2,2.85
167,2.72,2.74,2.8,2.38,3,2,2,2,4,3,2,3,2,3,2,2,2,1,2.85
168,3.11,2.63,2.21,2.37,3,3,3,2,3,2,3,2,2,3,2,2,2,2,2.85
169,3,2.37,2.9,2.16,2,2,2,3,3,4,3,2,2,3,2,2,2,4,2.85
170,2.72,2.58,2.43,2.46,2,2,3,2,2,2,2,3,2,2,2,2,2,2,2.85
171,2.89,2.76,2.95,2.95,2,3,4,2,4,4,2,4,2,2,2,3,4,3,2.86
172,2.5,3.05,2.67,2.29,3,1,4,3,4,3,2,2,3,3,2,2,1,2,2.86
173,2.28,2.68,2.5,2.52,2,2,3,2,3,3,3,2,3,4,2,2,2,2,2.86
174,2.26,2.45,2.89,2.55,3,2,3,2,2,4,2,3,3,3,2,3,2,3,2.86
175,2.56,2.84,2.94,2.62,1,2,1,3,2,4,3,3,2,3,2,2,2,3,2.87
176,2.72,3.05,2.74,2.58,2,2,3,2,3,3,3,2,2,4,2,3,2,3,2.87
177,2.74,2.84,2.35,2.37,2,2,2,2,3,2,3,3,3,2,2,3,2,2,2.87
178,2.39,2.33,3.17,2.33,1,2,2,2,2,2,4,3,3,2,4,2,3,2,2.87
179,3.05,2.37,2.95,2.26,3,2,2,2,3,3,2,4,2,2,3,2,2,4,2.87
180,3.32,3.05,2.32,2.32,3,2,3,3,4,2,2,2,3,2,3,2,2,2,2.88
181,3.11,2.4,2.63,2.79,2,2,3,2,4,2,3,3,2,3,2,2,4,2,2.88
182,2.82,3.21,2.39,2.71,2,3,2,3,4,2,3,4,2,3,3,3,3,2,2.88
183,3.11,3.05,2.63,2.5,4,2,2,3,2,3,2,2,3,3,1,4,2,2,2.88
184,2.78,2.64,2.68,2.47,3,2,2,2,2,2,2,2,3,3,3,2,2,1,2.88
185,2.61,3.11,3.11,2.15,2,3,2,4,4,4,2,3,2,3,2,2,1,4,2.88
186,2.84,2.94,2.53,2.53,3,2,2,3,3,2,2,2,3,2,2,3,2,3,2.88
187,3,2.63,2.82,2.43,3,2,2,2,3,3,2,2,3,3,3,2,2,2,2.88
188,2.82,2.78,3.1,2.66,2,3,3,2,3,4,4,3,3,2,2,3,2,2,2.88
189,2.63,2.63,2.9,2.68,2,2,2,3,2,3,2,3,2,4,2,2,3,3,2.89
190,2.94,2.68,2.53,2.32,2,2,2,3,2,3,3,2,2,2,2,4,2,3,2.89
191,2.76,2.94,3.11,2.35,1,3,2,3,3,3,4,4,2,2,2,2,2,2,2.89
192,2.56,2.95,3.28,2.72,3,1,3,3,3,3,4,2,4,3,3,2,3,3,2.89
193,2.53,2.68,2.72,2.89,3,2,3,2,3,4,4,2,3,3,3,2,3,2,2.9
194,2.42,2.47,2.4,1.95,2,2,2,2,2,2,2,4,2,1,3,2,2,2,2.9
195,3,2.84,2.65,2.42,2,2,2,2,4,3,2,2,2,3,2,3,2,3,2.9
196,2.63,2.95,2.8,2.42,2,4,3,3,3,2,4,4,2,3,2,2,2,1,2.9
197,3.16,2.58,2.53,2.68,4,2,3,2,3,2,2,2,2,3,3,2,3,3,2.9
198,2.95,2.63,2.84,2.63,2,2,2,2,4,3,4,3,3,2,2,2,3,3,2.91
199,2.83,2.74,2.5,2.26,2,2,2,3,3,3,2,3,2,2,3,2,3,2,2.91
200,2.89,2.76,2.84,3.32,2,2,4,3,3,3,2,2,3,3,2,2,4,4,2.91
201,2.61,3.32,2.4,2.68,2,2,4,2,2,3,3,3,3,3,2,3,2,2,2.91
202,2.61,2.63,2.7,2.21,3,2,1,3,2,3,2,3,3,3,2,2,2,2,2.91
203,2.94,2.57,2.76,2.6,2,2,2,2,2,3,3,3,2,2,2,2,2,2,2.91
204,2.94,3.11,2.81,2.41,3,2,2,3,4,2,3,3,2,3,2,3,2,4,2.92
205,2.78,2.42,2.74,2.42,2,2,1,2,3,4,2,4,2,3,2,2,2,2,2.92
206,3.11,2.53,2.75,2.42,2,2,2,2,4,3,3,3,2,2,3,2,3,3,2.93
207,3,2.9,2.58,2.67,2,2,2,2,3,2,4,2,2,3,2,2,2,2,2.93
208,3.39,2.84,2.5,2.67,4,3,2,2,2,2,3,4,2,4,2,4,2,3,2.93
209,2.95,2.78,3.11,2.79,3,2,3,2,3,3,3,3,2,2,3,2,4,3,2.93
210,2.89,2.79,2.74,2.63,3,2,2,2,3,3,2,3,4,2,3,3,3,3,2.93
211,3,2.86,2.63,2.6,2,2,2,2,4,2,3,3,2,3,3,3,3,4,2.93
212,2.83,3,2.16,2.52,2,2,1,2,4,3,4,2,2,2,2,2,2,2,2.93
213,2.89,3.16,2.63,2.32,1,4,2,2,4,3,3,3,2,3,2,3,1,2,2.94
214,3.42,2.26,2.74,2.42,3,3,3,2,4,4,2,3,3,3,3,3,2,3,2.94
215,2.94,2.89,2.47,2.42,2,2,3,2,3,2,4,2,2,3,3,2,2,2,2.94
216,3.22,2.74,2.56,2.95,3,2,2,2,2,3,2,3,2,4,1,2,3,1,2.94
217,3.42,2.58,2.45,2.79,2,3,2,2,4,2,2,4,3,2,3,2,2,2,2.94
218,3.32,2.89,3.21,2.21,4,3,3,3,3,4,3,2,2,2,2,2,2,4,2.95
219,2.89,3.11,2.11,2.74,2,3,3,2,3,3,3,2,3,4,3,3,2,1,2.95
220,2.5,2.89,2.79,2.42,3,3,3,2,4,3,4,4,3,2,2,2,2,1,2.95
221,3.11,2.74,2.39,2.73,3,2,2,2,3,3,2,2,4,3,2,2,1,2,2.95
222,2.61,2.84,2.21,3.05,2,2,3,2,2,3,4,2,4,3,2,3,4,2,2.95
223,3.28,2.63,2.16,2.63,3,3,2,3,2,2,2,2,2,3,3,2,2,2,2.96
224,2.68,2.58,2.55,2.42,2,2,3,3,3,2,3,3,2,3,2,2,2,3,2.96
225,2.67,2.33,2.58,2.82,1,2,2,2,2,2,3,3,2,2,2,2,3,2,2.96
226,2.72,3.1,2.53,2.32,2,2,2,3,2,3,4,3,3,2,2,2,1,2,2.97
227,3.05,3.11,2.84,2.37,3,2,3,2,3,4,2,3,2,2,2,4,2,3,2.97
228,3.05,2.84,2.63,2.37,3,2,3,2,4,4,2,2,3,2,2,4,2,3,2.97
229,2.89,3,2.94,2.42,2,2,3,2,2,3,4,3,2,3,2,3,2,2,2.97
230,2.78,2.58,3,2.58,3,2,2,3,2,4,4,3,2,3,2,2,2,3,2.97
231,3.11,2.68,2.56,2.77,3,2,2,3,2,4,3,3,3,3,2,2,3,2,2.97
232,3,2.63,2.56,2.73,3,3,2,2,2,3,2,3,3,3,2,2,2,3,2.98
233,3,2.89,2.94,2.82,3,2,3,2,2,3,4,3,3,3,2,3,2,3,2.98
234,2.58,2.32,2.85,2.74,2,2,1,2,2,3,2,4,4,4,2,2,2,4,2.98
235,2.94,3,2.75,2.64,2,2,3,2,3,4,3,2,3,2,2,2,2,3,2.98
236,2.74,2.74,3.05,2.68,2,4,2,3,1,3,3,2,2,3,2,2,2,4,2.98
237,3.33,2.68,2.68,2.63,4,4,2,3,2,3,3,2,2,3,2,2,2,3,2.99
238,3.05,3.05,3.37,2.35,2,2,3,3,3,3,3,4,2,3,3,3,2,4,2.99
239,2.83,2.84,2.68,2.74,2,2,2,2,3,3,4,3,2,3,3,2,3,2,2.99
240,3.11,3.16,3.17,2.46,4,2,3,3,3,4,4,4,3,2,2,3,1,4,2.99
241,3,3.21,3.4,2.47,3,3,3,3,3,3,3,3,2,4,2,3,2,4,2.99
242,2.95,2.32,2.15,2.21,3,2,2,2,3,2,2,3,2,2,4,2,2,1,3
243,2.89,2.68,2.74,2.89,2,2,2,3,2,3,2,3,4,3,2,3,2,3,3
244,2.83,2.63,3,2.59,2,2,2,2,4,4,2,2,2,2,2,2,3,2,3
245,3,2.53,2.76,2.39,4,2,3,2,2,3,4,2,2,4,2,2,2,2,3
246,2.84,2.68,2.21,2.74,2,2,4,2,3,2,2,2,4,2,3,3,3,2,3.01
247,2.84,2.5,3.16,2.89,2,3,3,2,3,3,3,4,3,3,3,2,4,3,3.01
248,3.22,2.89,2.86,2.51,3,2,3,2,2,2,4,4,3,2,2,2,2,2,3.01
249,2.89,2.84,2.6,2.79,2,1,2,2,3,2,2,3,2,3,3,3,2,2,3.01
250,2.67,3.26,2.61,2.55,1,2,3,3,3,3,4,3,2,3,2,2,2,3,3.02
251,3.28,2.68,3,2.87,4,2,3,2,2,3,3,3,3,3,2,2,3,3,3.02
252,2.83,2.67,2.92,2.52,3,2,2,2,4,3,2,3,3,2,2,2,3,1,3.02
253,2.89,2.79,2.47,3.11,2,3,2,3,3,2,2,2,3,4,2,3,3,2,3.02
254,3.21,2.88,3,2.68,3,3,2,3,3,3,4,2,3,1,2,3,4,3,3.03
255,2.78,2.77,2.37,2.61,2,2,2,2,4,3,3,3,3,3,2,3,2,1,3.03
256,2.72,2.58,3.17,2.74,2,2,2,2,3,3,4,2,3,3,1,3,4,2,3.03
257,3.32,3.37,3.32,2.47,4,2,4,2,4,4,4,2,3,2,2,4,2,4,3.03
258,2.84,2.84,3.05,2.89,2,2,3,2,3,2,1,4,3,3,2,3,4,4,3.03
259,2.75,3.45,2.94,2.44,3,2,4,2,4,2,3,4,2,3,2,3,3,4,3.03
260,2.56,2.24,2.67,3.39,2,2,2,1,3,2,3,2,3,4,2,2,3,2,3.03
261,3.39,2.84,3.11,2.68,4,2,2,2,3,3,2,2,2,4,2,3,2,4,3.03
262,2.83,3.05,2.95,2.91,2,2,2,4,4,3,3,3,2,3,2,2,3,4,3.03
263,2.72,3,3.09,2.57,3,3,3,4,2,4,4,4,2,3,2,2,3,2,3.04
264,2.89,3.26,2.95,3.05,3,2,3,2,3,3,3,3,3,3,2,4,3,3,3.04
265,3,2.7,3.11,2.19,2,3,3,2,4,4,3,3,2,4,3,2,2,2,3.04
266,2.89,2.68,2.53,3.53,3,2,3,2,2,2,2,2,3,4,4,2,3,4,3.05
267,2.78,2.89,2.57,2.77,3,2,3,3,2,3,2,2,2,4,2,2,3,2,3.05
268,3.44,2.79,2.62,2.91,4,3,2,3,3,2,3,2,3,3,2,2,3,4,3.05
269,3.39,2.37,3.26,3.05,3,3,2,2,2,3,2,3,3,4,3,1,2,4,3.05
270,3,3,2.95,2.64,2,3,2,3,3,3,3,4,2,4,2,3,2,3,3.05
271,2.79,2.53,2.84,3.05,2,3,3,2,3,3,4,2,3,2,3,3,3,3,3.05
272,3,3,2.84,2.87,2,3,2,3,2,3,3,4,3,2,2,3,3,3,3.05
273,2.9,2.83,2.9,2.84,4,2,3,2,3,2,2,3,4,3,2,4,3,4,3.06
274,2.78,2.84,2.71,2.67,2,2,3,2,3,3,4,2,3,3,2,2,4,1,3.06
275,3,3.11,3.06,2.86,3,2,4,3,2,4,4,4,2,3,2,2,2,3,3.06
276,3.21,2.84,2.68,3.21,3,3,2,4,2,3,3,4,3,3,2,3,4,3,3.06
277,3.28,2.79,3,2.63,4,2,2,2,2,2,3,4,2,4,2,3,2,4,3.06
278,2.83,2.95,3.05,2.83,2,2,2,2,4,4,3,2,3,3,2,3,3,2,3.06
279,2.63,3.42,3.2,2.74,2,2,3,3,2,3,3,2,2,3,3,3,2,4,3.07
280,3.16,3.29,3.17,3.05,3,3,4,3,3,3,4,3,4,3,2,2,4,3,3.07
281,3.06,3.21,2.78,2.73,3,3,4,2,4,2,4,3,3,4,2,4,2,4,3.07
282,3.17,2.84,2.79,2.58,3,3,2,3,3,3,3,2,3,3,3,2,2,3,3.07
283,2.89,2.95,3.16,2.58,2,2,2,2,3,3,4,4,2,3,2,3,3,2,3.07
284,3.06,3.05,3.05,2.74,2,2,3,2,4,3,4,3,2,4,1,3,2,3,3.08
285,3.17,2.89,3.14,2.69,3,2,2,3,3,3,4,3,3,2,3,2,2,2,3.08
286,3.06,3.4,3.28,2.57,2,3,4,4,3,3,2,2,4,3,2,2,2,3,3.1
287,3,2.74,3.2,2.68,4,2,2,2,4,3,4,4,2,3,2,2,2,4,3.1
288,2.95,2.68,3.16,2.58,3,2,2,3,3,3,2,4,3,2,3,3,3,3,3.11
289,3.5,2.95,3,2.54,4,3,3,4,2,3,4,3,2,3,2,2,3,2,3.11
290,3,2.95,3,2.86,3,2,2,2,4,3,4,3,2,3,2,2,2,4,3.11
291,3.5,3.21,2.5,2.48,4,3,3,4,2,3,4,2,3,3,3,4,2,4,3.11
292,3.26,2.72,2.41,3.61,4,4,3,2,2,2,4,3,3,4,3,4,4,2,3.11
293,2.79,2.85,3.6,3.53,2,2,4,2,3,4,4,4,4,4,3,2,4,3,3.12
294,3.5,3.32,2.39,2.36,4,3,3,3,4,3,4,2,2,3,2,3,2,2,3.12
295,3.28,2.63,3,2.82,4,3,2,2,3,3,3,3,2,3,3,2,3,4,3.12
296,3.5,3.42,3.33,2.69,3,3,2,4,4,3,4,4,2,2,2,3,3,2,3.12
297,3,3,2.56,2.6,3,2,2,4,3,2,3,2,2,2,3,3,3,3,3.12
298,2.67,2.89,2.58,3.32,1,2,2,2,4,2,4,2,4,4,2,2,3,3,3.13
299,3.05,2.95,2.58,2.58,2,2,3,2,4,1,2,3,3,1,4,3,3,4,3.13
300,2.74,3.11,2.89,2.63,2,2,2,2,2,4,2,2,3,2,3,3,2,4,3.13
301,3.21,2.89,3.11,2.53,2,3,3,2,4,2,3,3,2,3,2,3,2,4,3.13
302,3.53,2.74,3,2.53,4,3,3,2,3,3,3,3,2,3,2,3,3,3,3.14
303,2.89,3.11,3.11,2.89,2,2,3,3,2,4,4,2,3,3,2,3,3,4,3.14
304,3.44,2.84,2.9,3.34,3,3,2,3,2,4,2,3,3,4,2,2,3,4,3.14
305,2.94,2.74,2.9,3.11,2,2,2,2,3,2,4,3,3,4,2,2,4,3,3.14
306,3.21,2.59,3.21,3,3,4,3,2,3,4,4,2,4,2,3,2,3,4,3.14
307,3.37,3.32,2.9,2.58,2,4,3,4,4,3,2,3,2,3,2,3,3,3,3.14
308,2.33,3.68,3.28,2.86,2,2,4,4,3,4,4,3,4,4,2,4,2,4,3.14
309,3.32,2.84,3.35,2.53,3,4,3,4,2,4,3,4,2,3,3,1,3,4,3.15
310,3.33,2.79,3.19,2.74,3,2,2,2,4,3,3,4,2,3,2,2,3,1,3.15
311,3.26,2.72,3.21,3.47,4,3,4,2,3,3,2,4,4,3,2,3,3,4,3.15
312,3.06,2.79,2.9,2.94,2,3,3,2,3,2,4,3,3,3,2,2,2,2,3.15
313,3.22,2.84,2.9,3.03,2,3,2,3,4,3,2,3,3,4,2,2,3,3,3.16
314,3.16,3.11,3.37,3,2,4,3,4,2,4,3,4,3,2,2,3,4,3,3.16
315,3.33,3.21,3,3,4,4,3,4,3,3,2,3,4,4,3,2,1,3,3.16
316,3.06,3.05,2.78,3.41,3,3,3,3,2,2,3,4,4,2,3,3,3,3,3.16
317,3,2.89,3.11,2.95,2,2,4,3,3,3,3,3,3,3,2,2,4,3,3.16
318,3.72,3.05,2.81,3.17,3,4,3,3,4,2,2,3,4,3,2,3,2,2,3.17
319,3.16,2.68,2.9,3.11,2,2,2,2,4,3,3,2,3,4,3,4,3,3,3.17
320,3.39,3,3.14,2.71,3,4,3,3,3,3,4,4,2,3,2,3,2,4,3.18
321,3.11,3.1,3.18,2.81,2,2,3,2,4,3,3,3,2,2,2,4,4,3,3.18
322,3,2.79,3,3.21,2,3,2,2,2,2,3,3,3,3,2,3,2,4,3.18
323,2.89,3.32,2.82,2.68,2,2,3,3,4,3,4,3,3,3,2,3,3,1,3.18
324,3.17,2.86,3,2.63,3,2,2,2,4,3,3,4,2,4,2,3,3,3,3.18
325,3.21,3.24,3,2.63,3,3,3,3,3,2,3,2,3,2,3,4,3,4,3.18
326,3.26,2.58,2.95,2.89,2,3,3,2,3,4,2,3,3,3,3,2,2,4,3.2
327,3.16,3.32,3.25,3.05,3,2,2,4,4,4,3,3,3,4,2,3,3,4,3.2
328,2.72,2.79,3,3.05,2,2,3,2,2,2,4,2,2,4,3,3,3,4,3.2
329,2.79,3.1,2.56,2.75,3,2,4,3,2,2,4,2,3,3,3,3,3,3,3.21
330,3.1,3.6,3,2.74,4,2,3,4,4,4,2,3,2,4,3,3,4,4,3.21
331,3.06,2.95,3.3,2.53,3,2,1,2,4,4,3,3,2,4,3,3,2,2,3.21
332,3.89,3.53,2.25,3,4,4,4,2,4,2,2,2,3,3,2,4,3,2,3.21
333,3.22,2.89,2.89,3.21,3,3,2,3,3,2,4,3,4,4,2,3,2,4,3.21
334,3.22,3.26,2.78,3.19,2,3,4,3,4,3,4,4,3,4,2,3,3,2,3.21
335,3.53,3.42,3.47,2.89,4,3,3,4,3,4,4,3,3,2,2,3,3,4,3.21
336,3.16,3.21,2.89,3.53,2,2,3,2,4,3,2,2,4,3,3,3,4,4,3.22
337,3.21,3.16,2.63,3.47,2,2,4,3,4,2,2,4,4,3,3,3,4,4,3.22
338,3,3.05,3.3,3.21,2,3,1,3,4,3,3,4,3,4,3,4,3,4,3.22
339,3.65,3.38,3.55,2.71,4,3,2,4,4,3,3,2,2,4,2,3,3,4,3.22
340,3.05,2.68,3.15,3.05,2,3,2,2,2,4,2,3,3,3,2,2,4,3,3.22
341,3.11,2.74,2.9,3.05,2,2,3,2,4,3,4,3,4,4,3,2,4,4,3.23
342,2.63,3.37,3.35,3.11,2,2,3,4,2,4,4,2,3,4,3,4,3,4,3.23
343,3.39,2.63,2.84,2.95,4,2,1,2,3,4,2,3,3,4,3,2,3,1,3.23
344,3.22,2.95,3.05,2.89,3,3,2,2,3,4,3,2,4,3,2,3,2,3,3.23
345,3.44,3.05,2.9,2.83,4,3,2,2,4,2,3,3,3,3,3,3,2,4,3.23
346,2.39,3.26,3.17,3.38,2,2,3,3,2,4,4,4,4,4,2,4,3,4,3.23
347,3.18,2.74,3.06,3.24,3,2,3,3,2,3,4,3,4,4,2,2,4,4,3.23
348,3.39,2.74,3.12,2.82,4,2,2,3,4,4,3,3,2,3,2,2,3,1,3.24
349,2.94,3.21,2.61,3,2,2,4,3,2,3,4,4,3,4,2,2,2,2,3.24
350,2.78,3.14,2.75,3.36,1,2,2,2,4,3,3,3,2,3,2,3,3,2,3.24
351,3.28,3.47,3.5,3.14,3,3,3,3,4,3,2,2,4,4,3,4,3,4,3.24
352,3.94,3.53,3.05,3,4,4,4,4,3,4,4,3,3,4,2,3,3,3,3.24
353,3.17,2.59,3.25,3.09,2,3,2,3,2,4,4,3,3,3,2,2,3,2,3.24
354,3.29,3.15,3.17,2.83,2,2,3,2,2,3,4,2,2,4,3,4,4,3,3.25
355,2.94,3.26,2.89,3.19,2,2,2,4,3,4,3,4,3,4,4,2,3,2,3.26
356,2.44,2.89,3.44,3.24,1,2,2,4,2,4,4,4,4,3,3,2,2,4,3.26
357,3.47,3.16,3,3.16,3,2,2,2,4,4,2,3,3,4,2,4,4,3,3.26
358,3.17,3.68,3.37,2.63,4,3,4,4,3,4,4,4,2,4,3,4,1,4,3.26
359,2.78,3.32,3.16,3.26,1,3,3,3,3,3,4,3,4,4,3,3,3,4,3.27
360,3.63,3.32,3.45,3.32,4,4,4,4,3,4,4,3,3,3,2,3,3,3,3.28
361,3.37,3.47,3.68,2.79,3,3,3,4,4,4,3,4,3,2,3,4,3,4,3.29
362,3.53,3.16,3.63,2.89,4,4,3,3,4,4,4,4,3,2,3,4,4,3,3.29
363,3.22,3,3,3.21,3,3,3,2,2,3,3,2,3,4,2,4,3,4,3.29
364,3.32,3.37,3.84,2.58,4,4,4,3,3,4,4,4,2,3,2,4,4,4,3.29
365,3.75,3.19,2.58,3,3,4,3,4,3,2,4,3,3,2,2,3,2,4,3.3
366,3.5,3.16,3.17,2.74,4,2,3,2,3,4,4,3,3,3,2,3,3,4,3.3
367,3.39,3.74,2.74,3.13,4,2,3,4,4,4,2,2,3,4,3,4,2,2,3.3
368,3.42,3.58,3.53,3,4,3,3,4,3,3,4,4,4,2,2,4,2,4,3.31
369,3.68,3.37,3.47,2.79,4,4,3,4,4,3,4,4,3,2,3,4,3,4,3.31
370,3.26,3.32,2.95,3.32,4,3,4,3,3,3,3,3,3,4,3,3,3,4,3.31
371,3.5,3.12,2.95,3.37,4,2,2,3,3,4,4,3,3,4,2,4,4,2,3.32
372,3.17,3.16,3.29,3.14,2,2,3,2,4,3,4,3,3,3,2,3,2,2,3.32
373,3.33,3.26,3,3.32,4,4,2,4,4,2,3,2,4,4,2,2,2,4,3.32
374,3.47,3.47,3.25,2.79,3,2,3,3,4,4,4,2,3,2,4,3,4,3,3.32
375,3.13,3.29,3.26,3.39,3,2,3,2,3,4,3,3,3,4,4,3,2,2,3.33
376,3.44,2.89,3.48,2.89,3,2,3,2,4,3,4,3,3,3,4,2,3,2,3.33
377,3.33,3.89,3.42,3.37,4,3,3,4,4,4,4,3,4,4,2,4,4,3,3.34
378,3,3.58,3.28,3.27,2,3,4,4,3,4,4,3,4,4,3,3,3,3,3.35
379,3.5,2.95,3.7,2.89,4,3,4,2,4,4,4,3,2,4,3,4,2,3,3.35
380,3,3,2.74,3.42,3,3,3,2,3,3,4,2,4,4,3,3,4,3,3.35
381,3.58,3,2.89,2.89,4,2,4,2,4,2,3,2,3,2,4,3,2,4,3.36
382,3.5,2.84,3.33,3.11,4,2,2,2,2,4,3,3,3,4,2,3,4,3,3.37
383,3.5,3.26,3.05,3.19,4,2,3,3,3,3,4,3,3,3,2,4,4,3,3.37
384,3.21,3.21,3.21,3.42,4,3,4,4,4,3,4,3,3,3,4,3,2,4,3.37
385,3.26,3.11,3.21,3.26,3,3,3,3,2,4,2,3,3,4,3,4,4,3,3.38
386,3.61,3.16,3.37,3.47,3,4,3,2,4,4,3,3,4,4,2,3,3,4,3.38
387,3.42,2.95,3.35,3.42,2,3,3,2,4,4,3,4,3,4,4,3,4,4,3.38
388,3.47,3.05,3.3,3.05,4,3,3,3,3,2,4,4,3,4,4,3,4,4,3.39
389,3.28,3.42,3.37,3.58,3,3,4,3,4,4,4,2,4,4,2,3,3,4,3.39
390,3.58,3.16,3.53,2.68,4,3,3,3,4,4,4,4,3,2,3,4,3,4,3.4
391,3.11,3.47,3.5,3.05,4,3,4,4,2,4,3,3,3,2,4,2,4,4,3.4
392,3,3.56,3.32,3.37,2,3,4,3,3,3,4,4,3,3,4,3,4,4,3.4
393,3.39,3.63,3.16,3.26,3,3,4,3,4,4,3,3,4,3,2,3,4,3,3.41
394,3.22,3.37,3.43,3.11,3,3,3,4,3,3,4,4,2,4,2,3,3,4,3.41
395,3.39,3.53,3.26,3.11,2,4,4,3,3,3,4,3,4,3,3,3,3,4,3.42
396,3.39,3.37,3.47,2.89,4,3,3,4,3,4,4,3,3,3,2,3,3,4,3.42
397,3.68,3.15,3.22,3,4,2,3,2,4,4,3,4,3,4,3,3,3,3,3.43
398,3.78,3.53,3.39,3.19,4,4,3,3,4,4,4,3,4,4,2,3,3,4,3.43
399,3.44,3.79,3,3.13,4,3,4,3,4,3,4,3,4,3,4,4,2,3,3.44
400,3.53,3.59,3.63,3.21,4,2,3,3,4,4,4,3,4,3,3,4,3,4,3.44
401,3.83,3.89,3.37,3.05,4,4,4,4,4,4,4,3,3,4,1,4,2,4,3.45
402,3.22,3.37,3.37,3.26,3,3,3,2,4,4,4,2,3,4,2,3,3,4,3.47
403,3.67,3.63,3.05,2.84,4,3,4,3,4,4,4,2,2,2,3,3,3,4,3.47
404,3.74,3.18,3.21,3.42,4,3,4,3,4,4,2,2,3,4,3,3,4,4,3.47
405,3.68,3.05,3.05,3.37,3,4,3,3,4,4,3,2,4,3,3,3,3,3,3.47
406,2.95,3.37,3.21,3.26,2,2,4,3,3,4,2,3,3,2,4,3,4,4,3.48
407,3.21,3,3.05,3.32,4,2,4,3,2,3,2,3,3,3,3,3,4,3,3.48
408,3.42,3.42,3.37,3.53,4,4,4,4,3,4,3,3,4,3,3,3,3,4,3.5
409,3.67,3.47,3.58,3.16,4,4,4,4,3,3,3,3,4,3,2,3,3,4,3.51
410,3.58,3.58,3.7,3.26,4,2,4,3,4,4,4,2,3,4,2,3,3,4,3.51
411,3.5,3.42,3.65,2.79,2,3,3,3,4,4,2,4,3,4,4,3,2,4,3.52
412,3.11,3.11,3.65,3.37,2,2,3,3,4,3,4,4,3,4,4,3,4,3,3.53
413,3.67,3.95,3.47,3.05,3,4,4,4,4,4,4,4,3,4,3,4,3,4,3.53
414,3.32,3,3.85,3.53,4,3,4,2,2,4,4,4,4,4,3,3,4,3,3.54
415,3.72,3.74,3.65,3.26,4,4,4,4,4,4,3,4,3,4,3,3,2,4,3.54
416,3.67,3.84,3.56,3.45,4,4,4,4,4,3,4,3,3,4,3,3,2,4,3.54
417,3.68,3.58,3.84,3.42,4,3,4,4,4,4,4,3,4,2,3,4,4,4,3.54
418,3.5,3.37,3.42,3.95,3,4,4,4,4,4,4,3,4,4,2,2,4,4,3.55
419,3.58,3.63,3.53,3.26,4,3,3,3,4,3,3,4,4,3,3,4,4,4,3.55
420,3.47,3.32,3.47,3.21,4,3,4,3,2,3,4,4,2,3,4,4,4,4,3.55
421,3.32,3.28,3.68,4,2,3,4,3,4,4,4,4,4,4,4,2,4,4,3.55
422,3.72,3.89,3.47,3.37,4,4,4,4,4,4,4,4,4,4,2,4,4,2,3.55
423,3.53,3.37,3.75,3.05,3,3,3,3,4,4,4,4,4,3,2,4,3,4,3.56
424,4,3.68,3.19,3.37,4,4,3,4,4,4,2,3,4,4,2,4,3,4,3.58
425,3.72,3.95,3.63,3.58,4,4,4,4,4,4,4,4,4,4,2,4,4,3,3.59
426,3.63,3.89,3.6,2.95,4,4,4,4,4,4,2,4,3,4,3,4,3,4,3.6
427,3.37,3.37,3.47,3.42,4,2,3,2,3,4,2,4,4,4,3,4,3,4,3.6
428,3.37,3.32,3.85,3.47,3,2,4,2,3,4,4,4,3,4,3,3,4,4,3.6
429,3.8,3.77,3.41,2.9,3,4,4,4,4,3,3,4,4,4,2,4,3,4,3.6
430,3.33,3.74,3.5,3.39,3,4,3,4,4,4,4,4,3,4,3,3,4,3,3.61
431,3.68,3.32,3.42,3.58,3,4,3,4,3,3,4,2,4,4,3,3,4,4,3.61
432,3.79,3.74,3.6,3.11,4,3,4,3,4,4,4,4,3,4,3,4,4,3,3.61
433,3.33,3.16,3.42,3.63,2,4,2,2,4,4,4,4,4,3,4,3,4,4,3.62
434,3.67,3.89,3.72,3.43,4,4,4,4,4,4,4,3,4,4,4,4,3,4,3.66
435,3.95,3.89,3.53,3.53,4,4,4,4,4,4,4,2,4,3,4,4,3,4,3.66
436,3.67,3.89,3.89,3.64,3,4,4,4,4,4,4,4,3,4,4,4,4,4,3.68
437,4,3.79,4,3.32,4,4,4,4,4,4,4,4,4,3,3,4,3,4,3.69
438,3.95,4,3.4,3.53,4,4,4,4,4,4,2,3,3,4,4,4,4,4,3.72
439,3.79,3.53,3.85,3.42,4,4,4,4,4,4,4,4,4,4,3,4,3,4,3.73
440,3.72,3.74,3.74,3.58,4,4,3,4,4,4,4,3,4,3,4,3,3,4,3.75
441,3.78,3.58,3.86,3.63,4,3,3,4,4,4,4,4,4,4,3,3,4,4,3.76
442,4,3.79,3.84,3.74,4,4,4,4,4,4,4,3,4,3,4,4,3,4,3.86
443,3.94,4,4,4,4,4,4,4,4,4,4,4,4,4,4,4,4,4,3.98
